id,first_name,last_name,email,gender,date of birth,city_id
1,Frederik,Carson,fcarson0@topsy.com,Female,30/07/2002,10
2,Carena,Palluschek,cpalluschek1@npr.org,Female,05/03/1964,8
3,Christi,Floch,cfloch2@wikispaces.com,Female,14/11/1974,2
4,Giulietta,Stillmann,gstillmann3@devhub.com,Female,14/07/1969,11
5,Rodney,Burgill,rburgill4@miibeian.gov.cn,Male,23/06/1952,7
6,Tobey,Galer,tgaler5@youku.com,Male,05/04/1979,2
7,Brose,Bidder,bbidder6@dion.ne.jp,Male,13/09/1964,4
8,Buckie,Nickels,bnickels7@tmall.com,Male,17/04/1954,7
9,Gretel,Catcheside,gcatcheside8@earthlink.net,Female,10/02/2002,7
10,Byran,Ogelsby,bogelsby9@flavors.me,Male,27/03/1997,8
11,Farrell,Kitcher,fkitchera@php.net,Female,06/11/1991,3
12,Loraine,Melville,lmelvilleb@cyberchimps.com,Male,13/03/2000,3
13,Vladamir,Phettiplace,vphettiplacec@dailymail.co.uk,Male,07/12/1980,2
14,Jarret,Caselli,jcasellid@studiopress.com,Female,19/08/1981,6
15,Emmy,Goff,egoffe@macromedia.com,Male,23/12/1992,10
16,Dian,Hun,dhunf@businessweek.com,Male,19/04/1970,10
17,Nerti,Nettle,nnettleg@nytimes.com,Male,14/06/1978,10
18,Mohammed,Skade,mskadeh@nature.com,Female,08/08/1957,10
19,Chantal,Sellar,csellari@discovery.com,Female,11/10/1972,9
20,Nikolas,Jepps,njeppsj@twitter.com,Male,22/03/1982,2
21,Tabatha,Schiefersten,tschieferstenk@shinystat.com,Male,19/03/1961,7
22,Filip,Harry,fharryl@istockphoto.com,Female,02/05/1956,3
23,Shantee,Sallarie,ssallariem@zdnet.com,Male,17/04/1987,1
24,Verina,Capron,vcapronn@virginia.edu,Female,03/11/1959,11
25,Natividad,Gabbett,ngabbetto@eepurl.com,Male,02/03/1970,5
26,Revkah,Palle,rpallep@paypal.com,Male,23/11/1966,4
27,Marshal,Drohan,mdrohanq@theglobeandmail.com,Female,05/10/1988,5
28,Case,Matherson,cmathersonr@fc2.com,Male,27/12/1970,8
29,Jerome,Dudenie,jdudenies@washingtonpost.com,Female,17/12/1980,10
30,Kati,Whisker,kwhiskert@g.co,Male,16/11/1956,3
31,Ambros,Bletsor,abletsoru@chicagotribune.com,Male,01/02/1999,3
32,Kim,Zupone,kzuponev@google.ru,Female,23/02/1955,5
33,Sherline,Janaszewski,sjanaszewskiw@auda.org.au,Female,30/06/1962,1
34,Raffarty,Jerisch,rjerischx@sfgate.com,Female,03/03/1991,11
35,Eartha,Harme,eharmey@disqus.com,Male,13/01/1982,10
36,Jolee,Turbefield,jturbefieldz@w3.org,Male,22/10/1964,7
37,Loralyn,Francesco,lfrancesco10@bizjournals.com,Female,30/05/1994,8
38,Tarrah,Litel,tlitel11@sakura.ne.jp,Male,19/05/1974,7
39,Krystal,Sweedland,ksweedland12@e-recht24.de,Female,22/06/1970,6
40,Loree,Aggis,laggis13@imdb.com,Male,07/10/1998,6
41,Goldy,Husby,ghusby14@apache.org,Female,07/12/2001,1
42,Catherine,Minihan,cminihan15@xrea.com,Male,08/02/1951,8
43,Jermaine,Nockells,jnockells16@wisc.edu,Female,05/07/1993,11
44,Johnathon,Vedmore,jvedmore17@sohu.com,Female,14/11/2001,8
45,Wilton,Perrins,wperrins18@dell.com,Female,25/01/1954,6
46,Lorilyn,Craigg,lcraigg19@yahoo.com,Female,24/12/1980,11
47,Kizzee,Andrini,kandrini1a@go.com,Female,30/10/2002,3
48,Daisy,Mouse,dmouse1b@typepad.com,Female,11/06/1990,6
49,Mattias,Curtis,mcurtis1c@zimbio.com,Male,29/06/1995,4
50,Rey,Pym,rpym1d@opensource.org,Female,03/08/1962,8
51,Lew,Linley,llinley1e@elpais.com,Male,27/04/1995,10
52,Dede,Kamena,dkamena1f@cmu.edu,Male,24/02/1951,11
53,Phillis,Claughton,pclaughton1g@dion.ne.jp,Male,19/09/1992,1
54,Jonie,Pontain,jpontain1h@harvard.edu,Female,11/11/1984,1
55,Wiatt,Cruddace,wcruddace1i@printfriendly.com,Female,26/05/1991,5
56,Kerrin,Atyeo,katyeo1j@indiatimes.com,Female,09/03/1983,8
57,Callean,Gagen,cgagen1k@networkadvertising.org,Male,13/10/1962,9
58,Vasili,Ottam,vottam1l@webeden.co.uk,Male,09/01/2008,2
59,Curtice,Carless,ccarless1m@google.co.jp,Male,02/02/1984,10
60,Conrad,Liger,cliger1n@jalbum.net,Female,30/03/1974,3
61,Barnabas,Batterham,bbatterham1o@wisc.edu,Male,13/10/1975,11
62,Peadar,Noller,pnoller1p@comcast.net,Male,14/01/1950,8
63,Tedd,Dewitt,tdewitt1q@youtu.be,Male,17/06/1988,8
64,Holden,Mongin,hmongin1r@wunderground.com,Female,03/01/1999,11
65,Griffin,Winscomb,gwinscomb1s@craigslist.org,Female,30/12/1979,10
66,Lian,See,lsee1t@miitbeian.gov.cn,Male,03/12/2006,8
67,Shauna,Dudden,sdudden1u@a8.net,Female,07/07/1981,9
68,Waneta,Sansome,wsansome1v@studiopress.com,Female,09/07/1992,11
69,Hastie,Shiers,hshiers1w@kickstarter.com,Male,20/10/1961,4
70,Marnia,Colquitt,mcolquitt1x@myspace.com,Female,06/06/1968,9
71,Herrick,Choupin,hchoupin1y@bigcartel.com,Male,04/03/1950,5
72,Yankee,Fairman,yfairman1z@nytimes.com,Female,29/10/1990,1
73,Brandyn,Von Hindenburg,bvonhindenburg20@irs.gov,Female,23/07/1989,2
74,Marietta,Maffioni,mmaffioni21@webmd.com,Female,14/12/1979,7
75,Madelena,Pollastro,mpollastro22@stanford.edu,Female,16/07/1999,9
76,Bentlee,Eshmade,beshmade23@accuweather.com,Male,28/09/1960,3
77,Jacqui,Morratt,jmorratt24@wordpress.org,Male,19/04/1955,3
78,Siobhan,Barthelmes,sbarthelmes25@hao123.com,Male,08/03/1992,3
79,Petronille,Smallpeice,psmallpeice26@opensource.org,Male,12/02/1988,2
80,Constantine,Vockings,cvockings27@mashable.com,Male,21/06/1951,10
81,Rachele,Kmietsch,rkmietsch28@buzzfeed.com,Male,21/05/1972,10
82,Linnie,Van Daalen,lvandaalen29@g.co,Male,04/09/1962,7
83,Ryun,Deackes,rdeackes2a@symantec.com,Male,18/04/1995,5
84,Kellia,Bothams,kbothams2b@typepad.com,Male,19/12/1972,10
85,Nicole,Woolford,nwoolford2c@harvard.edu,Male,05/12/1970,8
86,Sylvan,Dakers,sdakers2d@squarespace.com,Male,24/12/1998,1
87,Dael,Horley,dhorley2e@elpais.com,Male,17/02/1977,6
88,Dolley,Lilion,dlilion2f@redcross.org,Male,05/07/1994,1
89,Mariska,Clemensen,mclemensen2g@netvibes.com,Male,05/04/1959,1
90,Elisabetta,Magauran,emagauran2h@narod.ru,Female,03/03/1952,1
91,Reeta,Dudleston,rdudleston2i@jiathis.com,Female,29/09/1970,10
92,Efren,Ellick,eellick2j@networksolutions.com,Female,10/01/1960,10
93,Jaime,MacGillacolm,jmacgillacolm2k@rakuten.co.jp,Female,07/05/1954,4
94,Taddeo,Darlasson,tdarlasson2l@networksolutions.com,Female,11/06/2005,4
95,Paige,Mattingley,pmattingley2m@csmonitor.com,Female,19/11/1978,3
96,Saba,Coop,scoop2n@indiegogo.com,Male,05/10/1995,7
97,Merrilee,Gierhard,mgierhard2o@bbc.co.uk,Male,25/03/2002,6
98,Cecil,Richold,crichold2p@icq.com,Male,23/01/1984,4
99,Ellynn,O'Neal,eoneal2q@wordpress.org,Male,25/05/1959,11
100,Bryon,Tomblett,btomblett2r@boston.com,Female,28/12/1986,9
101,Andriana,Kluger,akluger2s@nifty.com,Female,05/12/1983,10
102,Leta,Butler,lbutler2t@studiopress.com,Male,01/04/1985,2
103,Pammie,Venton,pventon2u@issuu.com,Female,03/02/1968,8
104,Nicolea,Rosenkranc,nrosenkranc2v@multiply.com,Male,27/07/1990,6
105,Jeri,Michelotti,jmichelotti2w@salon.com,Female,02/10/1950,10
106,Gwyneth,Barribal,gbarribal2x@uol.com.br,Male,01/09/2000,9
107,Kennett,Lofting,klofting2y@jimdo.com,Female,06/05/1992,5
108,Flossie,Fosbraey,ffosbraey2z@e-recht24.de,Female,23/07/2003,5
109,Leesa,Feaviour,lfeaviour30@nhs.uk,Male,04/02/2003,8
110,Berenice,Dowderswell,bdowderswell31@dailymail.co.uk,Male,03/12/1988,3
111,Kathe,Pudney,kpudney32@reverbnation.com,Male,05/10/1990,3
112,Cordey,Hadingham,chadingham33@w3.org,Female,05/01/1964,2
113,Reggy,Shelford,rshelford34@hibu.com,Female,23/06/1998,6
114,Skell,Penticoot,spenticoot35@com.com,Male,06/05/1987,8
115,Clifford,Peffer,cpeffer36@princeton.edu,Male,07/08/2001,3
116,Gabrielle,Rowlands,growlands37@altervista.org,Male,11/07/1979,10
117,Denys,Kevane,dkevane38@cloudflare.com,Male,26/01/1991,7
118,Jone,Nellen,jnellen39@multiply.com,Male,03/02/1966,2
119,Gran,Temlett,gtemlett3a@devhub.com,Male,20/08/2001,4
120,Austine,Cosins,acosins3b@i2i.jp,Male,05/04/1974,10
121,Staford,Tregale,stregale3c@usa.gov,Female,21/05/1955,7
122,Selinda,Iacoviello,siacoviello3d@myspace.com,Female,07/10/1985,8
123,Traver,Lehon,tlehon3e@prweb.com,Female,01/06/1980,8
124,Kriste,Clamo,kclamo3f@hexun.com,Female,17/07/2009,9
125,Nevile,Cordeau],ncordeau3g@alexa.com,Male,27/12/1952,5
126,Irv,Hexham,ihexham3h@t-online.de,Female,09/05/2008,9
127,Judie,Pateman,jpateman3i@smugmug.com,Female,21/01/1970,8
128,Tressa,McComiskie,tmccomiskie3j@independent.co.uk,Female,06/11/1991,8
129,Patten,Tambling,ptambling3k@timesonline.co.uk,Male,14/05/1990,5
130,Kelsi,Emilien,kemilien3l@cornell.edu,Female,06/12/1957,2
131,Aubrie,Tebbit,atebbit3m@sciencedaily.com,Female,07/11/2006,7
132,Miof mela,Klemps,mklemps3n@cisco.com,Female,09/09/2009,2
133,Karina,Pena,kpena3o@trellian.com,Male,14/03/1984,8
134,Anselm,Herculson,aherculson3p@odnoklassniki.ru,Female,07/06/2002,7
135,Peta,Caltun,pcaltun3q@theguardian.com,Female,03/05/2007,3
136,Guthrey,Gavaran,ggavaran3r@fc2.com,Male,15/11/2001,6
137,Antonie,Zoanetti,azoanetti3s@google.co.jp,Male,15/08/2004,10
138,Eugenius,Ubsdall,eubsdall3t@mapquest.com,Female,03/11/1966,8
139,Leonore,Kunert,lkunert3u@latimes.com,Female,24/06/1974,6
140,Urbano,Mc Coughan,umccoughan3v@wordpress.org,Female,25/06/1955,4
141,Harlie,Blesli,hblesli3w@google.it,Female,10/09/1998,1
142,Fielding,Trimming,ftrimming3x@imageshack.us,Female,19/10/2002,2
143,Hedwig,Linde,hlinde3y@ucoz.com,Female,10/05/1959,4
144,Constantina,Coronado,ccoronado3z@gmpg.org,Female,17/11/1968,8
145,Jerald,Fetherston,jfetherston40@toplist.cz,Female,12/05/1983,1
146,Cathi,Windridge,cwindridge41@reverbnation.com,Female,17/08/1997,11
147,Stanton,Fines,sfines42@homestead.com,Male,29/11/1973,8
148,Adlai,Carp,acarp43@vistaprint.com,Female,02/10/1969,10
149,Charyl,Earley,cearley44@infoseek.co.jp,Male,15/11/1987,10
150,Bradley,Carrington,bcarrington45@si.edu,Male,05/01/1984,4
151,Monika,Amery,mamery46@state.gov,Male,09/04/1978,8
152,Juliane,Glazyer,jglazyer47@etsy.com,Female,18/07/1970,4
153,Agace,Sitwell,asitwell48@utexas.edu,Female,26/04/1992,8
154,Katharyn,Guwer,kguwer49@studiopress.com,Male,06/01/1959,9
155,Lelah,Humerstone,lhumerstone4a@theglobeandmail.com,Female,09/08/2001,8
156,Arly,Jouen,ajouen4b@t.co,Female,10/02/1985,9
157,Baxie,Williment,bwilliment4c@issuu.com,Male,28/06/1985,11
158,Roana,Screase,rscrease4d@gizmodo.com,Female,28/11/1966,8
159,Quintina,Clougher,qclougher4e@mediafire.com,Male,18/02/1969,2
160,Tammi,Argontt,targontt4f@forbes.com,Male,21/04/1973,8
161,Drusy,Sonley,dsonley4g@nhs.uk,Male,31/05/1993,9
162,Julianna,Tonge,jtonge4h@4shared.com,Male,22/06/1964,8
163,Coreen,Myhan,cmyhan4i@theatlantic.com,Female,28/01/1991,2
164,Bobbi,Nibley,bnibley4j@slashdot.org,Female,13/07/1971,1
165,Lolita,Siverns,lsiverns4k@mlb.com,Female,14/09/2007,11
166,Phylys,Keeting,pkeeting4l@joomla.org,Female,26/04/1965,6
167,Saunderson,Penkman,spenkman4m@addtoany.com,Male,11/09/2006,10
168,Dione,Ralls,dralls4n@nasa.gov,Male,02/06/1960,7
169,Morey,Kunert,mkunert4o@shop-pro.jp,Male,03/01/1991,6
170,Myriam,Whall,mwhall4p@github.io,Female,16/03/1966,4
171,Lyndy,Miner,lminer4q@java.com,Male,26/09/1952,8
172,Clayson,Giannini,cgiannini4r@unicef.org,Male,14/08/1990,7
173,Kathleen,Tear,ktear4s@mit.edu,Male,11/01/1971,11
174,Hogan,Tunnock,htunnock4t@slate.com,Female,01/04/1976,6
175,Jaine,Hexham,jhexham4u@prweb.com,Female,22/08/1981,7
176,Kristen,Luther,kluther4v@youtu.be,Female,03/07/1952,11
177,Michel,Hargreves,mhargreves4w@webnode.com,Male,21/06/1979,3
178,Ingaborg,Croose,icroose4x@mozilla.com,Female,06/08/1980,9
179,Gisele,Spur,gspur4y@jugem.jp,Male,01/08/2007,8
180,Noak,Plessing,nplessing4z@globo.com,Male,07/09/1953,7
181,Almeta,Bingell,abingell50@webeden.co.uk,Female,11/04/2007,9
182,Tadeas,Sandlin,tsandlin51@netvibes.com,Female,19/08/2002,2
183,Anton,Pastor,apastor52@com.com,Female,01/04/2007,8
184,Lucho,Petti,lpetti53@taobao.com,Male,27/05/1956,11
185,Fidole,Zukerman,fzukerman54@instagram.com,Male,16/05/1950,3
186,Lorrin,McGrail,lmcgrail55@slashdot.org,Female,06/11/1977,9
187,Ulrica,Goodlet,ugoodlet56@walmart.com,Female,10/12/1977,6
188,Jordana,Myott,jmyott57@opera.com,Female,29/08/1960,6
189,Guido,Fairfoul,gfairfoul58@wordpress.org,Female,26/11/1972,7
190,Yulma,Dilnot,ydilnot59@4shared.com,Female,26/01/2004,3
191,Geoffrey,Budibent,gbudibent5a@github.com,Female,12/05/1990,10
192,Cornela,Legier,clegier5b@free.fr,Female,19/04/1963,8
193,Gert,Feaks,gfeaks5c@reddit.com,Female,24/11/1952,3
194,Constancia,Griffithe,cgriffithe5d@tripadvisor.com,Female,27/08/1961,5
195,Gabriella,Kleinmann,gkleinmann5e@altervista.org,Male,09/11/2002,5
196,Harland,Sacker,hsacker5f@stanford.edu,Male,24/11/2007,9
197,Karlis,Paule,kpaule5g@merriam-webster.com,Male,27/02/1978,10
198,Pepillo,Bolitho,pbolitho5h@i2i.jp,Male,16/08/1976,6
199,Wanids,McGavigan,wmcgavigan5i@ibm.com,Female,03/02/1953,5
200,Hildegaard,Mansel,hmansel5j@paginegialle.it,Female,16/04/1983,7
201,Juline,Wardingly,jwardingly5k@imdb.com,Female,21/09/1964,6
202,Sarajane,Carrel,scarrel5l@answers.com,Female,29/12/2003,9
203,Nevin,Dedrick,ndedrick5m@pen.io,Female,26/06/1992,4
204,Emlynne,Lukes,elukes5n@fc2.com,Male,20/05/1981,10
205,Bayard,Fouch,bfouch5o@aol.com,Female,25/05/1979,9
206,Ursa,Jaffrey,ujaffrey5p@issuu.com,Female,10/08/1989,6
207,Minni,Bevir,mbevir5q@china.com.cn,Female,28/08/1985,1
208,Jaquenetta,Chew,jchew5r@thetimes.co.uk,Male,12/01/2007,2
209,Ruy,O'Nolan,ronolan5s@myspace.com,Female,18/10/1996,10
210,Raymund,Mueller,rmueller5t@hud.gov,Female,03/05/1958,5
211,Syd,Kearley,skearley5u@wikia.com,Female,17/07/1981,10
212,Lorry,Kissell,lkissell5v@examiner.com,Female,14/07/1994,9
213,Raff,O'Concannon,roconcannon5w@w3.org,Male,22/04/1978,5
214,Peta,Laidel,plaidel5x@samsung.com,Male,17/03/1987,5
215,Vite,Longo,vlongo5y@springer.com,Female,07/10/1984,2
216,Arnoldo,Andreone,aandreone5z@hhs.gov,Female,11/09/1950,2
217,Euphemia,Rickeard,erickeard60@usnews.com,Male,22/07/2004,4
218,Albertine,Lasseter,alasseter61@chronoengine.com,Female,15/05/1981,11
219,Ivan,Pittford,ipittford62@live.com,Male,09/03/1970,11
220,Denys,Pykerman,dpykerman63@cafepress.com,Female,22/06/1966,10
221,Ebonee,Foote,efoote64@europa.eu,Female,01/07/1971,2
222,Minette,Cod,mcod65@newyorker.com,Male,07/12/1988,1
223,Jolie,Schuelcke,jschuelcke66@reddit.com,Male,08/03/1950,1
224,Georg,Thynn,gthynn67@friendfeed.com,Male,07/10/1965,11
225,Alexina,Keslake,akeslake68@whitehouse.gov,Male,13/11/1952,9
226,Kizzee,Paynter,kpaynter69@slate.com,Female,20/10/1984,4
227,Brenda,Thomasen,bthomasen6a@wikia.com,Female,28/09/1972,2
228,Alessandra,Blint,ablint6b@bizjournals.com,Female,13/08/1965,5
229,Cassius,Lackner,clackner6c@bing.com,Female,08/03/1997,1
230,Zolly,Courtliff,zcourtliff6d@myspace.com,Male,01/08/1966,7
231,Ryun,Overill,roverill6e@github.com,Male,08/01/1970,3
232,Glenden,Farnish,gfarnish6f@guardian.co.uk,Male,19/03/1960,1
233,Mayne,Thunderman,mthunderman6g@google.com.hk,Male,30/11/2005,9
234,Milli,Randalson,mrandalson6h@tinypic.com,Male,03/11/2000,1
235,Bette,Oubridge,boubridge6i@rediff.com,Female,30/06/1973,9
236,Ansell,Crosser,acrosser6j@vimeo.com,Female,16/03/1964,7
237,Cyrillus,Ericsson,cericsson6k@ed.gov,Male,28/12/1970,7
238,Eduard,Donegan,edonegan6l@slashdot.org,Male,27/04/1951,3
239,Gustaf,MacLaverty,gmaclaverty6m@state.tx.us,Female,16/01/2009,5
240,Yuma,Nary,ynary6n@chronoengine.com,Male,23/03/1965,7
241,Dorita,Lowey,dlowey6o@issuu.com,Male,07/08/1972,1
242,Ariana,Loachhead,aloachhead6p@sciencedaily.com,Male,06/02/1977,4
243,Olivie,Itzkovsky,oitzkovsky6q@arstechnica.com,Female,18/12/1997,8
244,Kerry,Cubbini,kcubbini6r@vk.com,Male,03/01/1984,5
245,Dewey,Hesse,dhesse6s@jigsy.com,Female,19/01/1984,6
246,Friederike,Capsey,fcapsey6t@ftc.gov,Male,24/09/1984,10
247,Walt,Mynett,wmynett6u@technorati.com,Male,15/11/1995,2
248,Clerissa,Milius,cmilius6v@wsj.com,Male,06/08/2002,6
249,Phyllis,Golightly,pgolightly6w@devhub.com,Male,07/11/1959,8
250,Guinevere,Gallihaulk,ggallihaulk6x@nationalgeographic.com,Male,29/10/1975,5
251,Priscilla,Oret,poret6y@ning.com,Female,21/10/1972,2
252,Marja,Heining,mheining6z@last.fm,Female,29/04/1965,6
253,Stu,MacPherson,smacpherson70@merriam-webster.com,Male,04/08/2004,9
254,Cinderella,Roblin,croblin71@adobe.com,Female,17/01/1966,2
255,Felice,Elmore,felmore72@state.tx.us,Female,22/06/1976,3
256,Bran,Grimbleby,bgrimbleby73@moonfruit.com,Female,09/05/1992,5
257,Raymond,Eisold,reisold74@state.gov,Male,27/12/1962,1
258,Ermanno,Bearman,ebearman75@rambler.ru,Male,13/02/1965,9
259,Britt,Newlan,bnewlan76@jigsy.com,Female,12/12/1990,10
260,Tabbie,Lohering,tlohering77@nbcnews.com,Male,14/10/1969,6
261,Carine,Giacopetti,cgiacopetti78@gov.uk,Female,08/07/1998,6
262,Noby,Goodison,ngoodison79@disqus.com,Female,22/10/1978,11
263,Sheffield,Spacie,sspacie7a@cdc.gov,Male,05/10/1962,3
264,Hillard,Cush,hcush7b@geocities.com,Female,26/05/1956,4
265,Lilla,Jeannot,ljeannot7c@1688.com,Female,25/01/1954,7
266,Jasmine,Grevile,jgrevile7d@uiuc.edu,Female,14/08/1981,2
267,Dulcy,Hartnell,dhartnell7e@hc360.com,Female,21/08/2008,3
268,Gillian,Manns,gmanns7f@discovery.com,Female,13/05/1970,3
269,Giustina,Giberd,ggiberd7g@bravesites.com,Female,08/11/1961,11
270,Trever,Girodon,tgirodon7h@foxnews.com,Female,21/11/1982,3
271,Shaun,Henstridge,shenstridge7i@japanpost.jp,Male,11/08/1977,6
272,Rowena,Pawelski,rpawelski7j@census.gov,Female,03/04/1979,11
273,Austen,Rubi,arubi7k@soup.io,Male,05/07/1974,10
274,Joelynn,Caisley,jcaisley7l@nih.gov,Male,07/05/1961,10
275,Joannes,Read,jread7m@unblog.fr,Male,16/10/1973,7
276,Agneta,Amoore,aamoore7n@princeton.edu,Female,21/08/1974,8
277,Vale,Baumert,vbaumert7o@symantec.com,Male,10/10/1996,1
278,Felipa,Lowrance,flowrance7p@netlog.com,Female,21/02/1953,2
279,Eward,Leeves,eleeves7q@cnbc.com,Female,19/10/2006,4
280,Anthony,Tout,atout7r@sina.com.cn,Male,15/05/1958,5
281,Charin,Capper,ccapper7s@tuttocitta.it,Female,30/03/1964,3
282,Kalil,Renny,krenny7t@feedburner.com,Male,01/06/1972,9
283,Donelle,Veronique,dveronique7u@joomla.org,Female,24/02/1961,6
284,Allison,Fickling,afickling7v@noaa.gov,Female,14/12/1977,11
285,Denys,Springham,dspringham7w@sciencedaily.com,Female,27/06/2006,7
286,Zachariah,Kitt,zkitt7x@engadget.com,Male,17/03/1986,4
287,Gavin,Rosenstein,grosenstein7y@so-net.ne.jp,Male,04/07/1965,3
288,Terri-jo,Kimmince,tkimmince7z@dropbox.com,Male,29/10/1960,1
289,Erminie,Dumblton,edumblton80@elegantthemes.com,Male,15/12/2007,10
290,Chloris,Trenaman,ctrenaman81@eepurl.com,Female,21/05/1979,1
291,Joeann,Suller,jsuller82@telegraph.co.uk,Female,17/06/1956,2
292,Pierre,Tompsett,ptompsett83@princeton.edu,Female,14/06/1980,9
293,Alison,McNeice,amcneice84@netlog.com,Male,28/08/1972,8
294,Obidiah,Burnes,oburnes85@acquirethisname.com,Male,06/05/2001,10
295,Derrek,De Clairmont,ddeclairmont86@typepad.com,Female,02/10/1959,7
296,Dodi,MacTrusty,dmactrusty87@nifty.com,Male,22/08/2000,5
297,Wilfred,Sparwell,wsparwell88@pinterest.com,Male,27/03/1960,5
298,Fidole,Pernell,fpernell89@ebay.com,Male,17/08/1984,6
299,Skippie,McGlone,smcglone8a@sphinn.com,Male,29/10/1967,9
300,Lowell,Sherland,lsherland8b@epa.gov,Male,26/10/1966,6
301,Amberly,Luckie,aluckie8c@theatlantic.com,Male,06/09/1965,7
302,Vladamir,Subhan,vsubhan8d@google.ru,Male,12/08/2005,1
303,Jeni,Ratledge,jratledge8e@omniture.com,Male,17/07/1980,2
304,Shermie,Luna,sluna8f@amazonaws.com,Male,23/05/1984,5
305,Imogen,Ennever,iennever8g@bluehost.com,Male,24/12/1977,2
306,Rosita,McKevany,rmckevany8h@utexas.edu,Female,07/10/1965,6
307,Adolph,Benallack,abenallack8i@hp.com,Male,06/09/1971,9
308,Lorinda,Swaton,lswaton8j@home.pl,Female,24/11/1980,8
309,Sergent,Gallop,sgallop8k@ycombinator.com,Female,07/05/2007,2
310,Karlis,Sitch,ksitch8l@howstuffworks.com,Male,26/12/1988,2
311,Mag,Austing,mausting8m@51.la,Male,27/03/1990,7
312,Montgomery,Bonnyson,mbonnyson8n@blinklist.com,Female,31/05/1979,1
313,Francklyn,Shurmore,fshurmore8o@qq.com,Female,14/08/1966,6
314,Angeli,Green,agreen8p@dmoz.org,Female,14/11/1954,11
315,Emmanuel,Apfelmann,eapfelmann8q@weebly.com,Male,14/04/1987,4
316,Nanine,Swetman,nswetman8r@google.es,Female,20/09/1955,8
317,Gordie,Coupman,gcoupman8s@zdnet.com,Male,07/09/1954,9
318,Francesco,Tibbs,ftibbs8t@so-net.ne.jp,Male,24/10/1954,2
319,Cristy,Peele,cpeele8u@biglobe.ne.jp,Male,04/08/1971,4
320,Damara,Reeman,dreeman8v@is.gd,Female,31/10/1965,10
321,Abbye,Huckel,ahuckel8w@yolasite.com,Female,01/03/1993,5
322,Verile,Boumphrey,vboumphrey8x@tinyurl.com,Female,10/03/1985,9
323,Agatha,Djekovic,adjekovic8y@fotki.com,Male,28/11/1961,6
324,Alva,Bubeer,abubeer8z@va.gov,Female,26/11/1954,4
325,Morton,Skilbeck,mskilbeck90@behance.net,Female,11/11/1957,5
326,Tallie,Prando,tprando91@dell.com,Female,16/07/1967,2
327,Eduino,Dace,edace92@ebay.com,Female,21/01/1979,2
328,Maddy,Gerriessen,mgerriessen93@themeforest.net,Male,29/07/1993,4
329,Scot,Beilby,sbeilby94@opera.com,Male,06/09/1950,4
330,Norbert,Baldry,nbaldry95@samsung.com,Male,08/11/2002,7
331,Bethany,Douglas,bdouglas96@vinaora.com,Female,14/09/1986,6
332,Katrina,Favey,kfavey97@buzzfeed.com,Male,09/02/1979,7
333,Ebenezer,Mossom,emossom98@liveinternet.ru,Female,01/11/1990,3
334,Glenden,Linthead,glinthead99@jugem.jp,Female,19/07/1983,8
335,Lisha,Dunley,ldunley9a@barnesandnoble.com,Male,09/02/1982,5
336,Faber,Alberts,falberts9b@dell.com,Male,30/06/1964,3
337,Estele,Wontner,ewontner9c@webnode.com,Female,22/10/1958,11
338,Brander,Daskiewicz,bdaskiewicz9d@tumblr.com,Female,22/11/1994,9
339,Ange,Brooking,abrooking9e@blogtalkradio.com,Male,03/07/1996,11
340,Esdras,Farge,efarge9f@sohu.com,Male,06/05/1999,6
341,Patty,Schonfelder,pschonfelder9g@kickstarter.com,Female,22/02/1972,2
342,Kurtis,Harp,kharp9h@fotki.com,Male,30/09/1964,3
343,Joannes,Dimitrie,jdimitrie9i@liveinternet.ru,Female,15/07/1952,8
344,Haroun,Farryann,hfarryann9j@rediff.com,Female,27/07/1954,7
345,Teddy,Bowmen,tbowmen9k@netscape.com,Female,19/09/1984,7
346,Morley,Hulkes,mhulkes9l@parallels.com,Female,24/02/1969,6
347,Hall,Mozzi,hmozzi9m@fc2.com,Female,06/12/1998,4
348,Isidora,Nudd,inudd9n@fotki.com,Male,20/08/1976,11
349,Ewart,Gremane,egremane9o@hubpages.com,Male,19/03/1999,4
350,Zita,Flarity,zflarity9p@storify.com,Female,09/05/1955,6
351,Pat,Dalli,pdalli9q@digg.com,Male,11/09/2004,9
352,Liza,Sebring,lsebring9r@weather.com,Male,26/04/1953,3
353,Georgeanna,Cuddehay,gcuddehay9s@soup.io,Female,06/04/1988,5
354,Michelle,Kupke,mkupke9t@wsj.com,Male,14/01/1996,11
355,Anallise,Gofford,agofford9u@blogspot.com,Female,09/06/2003,1
356,Darius,Petrashov,dpetrashov9v@google.es,Female,26/07/1978,10
357,Allsun,Callicott,acallicott9w@pinterest.com,Male,23/04/1951,7
358,Zechariah,Lennie,zlennie9x@comsenz.com,Female,11/08/1956,10
359,Hervey,Bartleman,hbartleman9y@360.cn,Female,02/05/1951,5
360,Colby,Alster,calster9z@skype.com,Female,26/01/1959,8
361,Aleksandr,O'Sesnane,aosesnanea0@ovh.net,Male,25/06/1981,7
362,Shalna,Graal,sgraala1@symantec.com,Female,10/09/1965,7
363,Jenelle,Danilov,jdanilova2@google.ca,Male,02/03/2005,3
364,Maura,Pendall,mpendalla3@quantcast.com,Female,09/09/1953,8
365,Silvie,Rizzone,srizzonea4@example.com,Male,03/06/2004,3
366,Genny,Pidgeley,gpidgeleya5@intel.com,Male,23/08/1952,9
367,Aline,Grantham,agranthama6@baidu.com,Female,08/02/1966,9
368,Sam,Wyllie,swylliea7@ask.com,Female,06/06/2000,5
369,Brandais,Freda,bfredaa8@census.gov,Female,09/06/1978,8
370,Grete,Fransson,gfranssona9@sfgate.com,Female,18/11/1971,2
371,Clerc,Darlow,cdarlowaa@who.int,Female,29/10/1992,6
372,Hartwell,Minelli,hminelliab@opensource.org,Male,29/06/1998,10
373,Phebe,Arstall,parstallac@myspace.com,Male,07/03/1961,11
374,Geno,Alyonov,galyonovad@netvibes.com,Female,14/02/1964,7
375,Milzie,Vobes,mvobesae@mac.com,Female,02/12/1986,7
376,Desdemona,Steger,dstegeraf@jigsy.com,Female,01/06/1968,8
377,Aura,Salmen,asalmenag@github.com,Male,04/08/1977,5
378,Libbie,Hubbins,lhubbinsah@ed.gov,Female,12/02/1957,11
379,Jerry,Quan,jquanai@adobe.com,Male,23/03/1971,7
380,Nicholle,Ivie,nivieaj@alexa.com,Female,19/03/1970,2
381,Wallache,Baumler,wbaumlerak@google.fr,Male,11/07/1980,4
382,Benn,Oldham,boldhamal@buzzfeed.com,Male,05/12/1993,11
383,Marieann,Stone Fewings,mstonefewingsam@amazon.co.uk,Male,04/04/1981,3
384,Solomon,Readman,sreadmanan@usgs.gov,Female,25/10/2008,8
385,Lavinia,Camilio,lcamilioao@jalbum.net,Male,09/12/1970,9
386,Earle,Laydel,elaydelap@squarespace.com,Female,21/05/1952,1
387,Jessie,Stappard,jstappardaq@nymag.com,Female,06/08/1953,1
388,Connor,Antoons,cantoonsar@de.vu,Male,07/01/2000,9
389,Faber,Hitzmann,fhitzmannas@mysql.com,Female,07/10/1989,2
390,Christyna,Byneth,cbynethat@mozilla.com,Male,04/08/1996,9
391,Wyatt,Auld,wauldau@tuttocitta.it,Female,14/01/1998,7
392,Reade,Thelwll,rthelwllav@t-online.de,Male,04/11/1989,6
393,Iolande,Olenov,iolenovaw@blinklist.com,Male,04/08/1998,8
394,Marline,Ebbotts,mebbottsax@washingtonpost.com,Female,06/07/1993,6
395,Major,Wurst,mwurstay@ox.ac.uk,Female,15/06/1975,5
396,Thadeus,Merrgen,tmerrgenaz@freewebs.com,Male,31/12/2003,10
397,Nicki,Benard,nbenardb0@163.com,Female,29/10/1959,10
398,Chelsae,Fetherstonhaugh,cfetherstonhaughb1@spiegel.de,Male,11/02/1966,10
399,Rogers,Kenneford,rkennefordb2@dell.com,Male,14/11/1989,7
400,Kristofor,Seabon,kseabonb3@comsenz.com,Male,15/05/1972,4
401,Galvan,Stokey,gstokeyb4@netlog.com,Male,07/12/1970,6
402,Shanna,Banishevitz,sbanishevitzb5@furl.net,Male,09/02/1993,5
403,Isador,Sendall,isendallb6@walmart.com,Female,27/01/1973,4
404,Baird,Vigours,bvigoursb7@gnu.org,Female,01/01/1984,10
405,Zelda,Arnfield,zarnfieldb8@state.tx.us,Female,28/03/1961,2
406,Joseito,Coumbe,jcoumbeb9@amazon.de,Female,29/11/1962,9
407,Jehu,McRory,jmcroryba@jalbum.net,Male,15/06/1977,2
408,Waiter,Breach,wbreachbb@1und1.de,Male,21/01/1993,10
409,Faith,Stealfox,fstealfoxbc@nhs.uk,Male,15/09/1953,8
410,Patten,Daville,pdavillebd@exblog.jp,Female,21/09/1978,8
411,Lida,Gartin,lgartinbe@smugmug.com,Male,29/12/1963,10
412,Zena,Pettitt,zpettittbf@elegantthemes.com,Male,15/05/1962,1
413,Magnum,Sarra,msarrabg@instagram.com,Male,07/12/1961,6
414,Clay,Oliphard,coliphardbh@latimes.com,Female,15/08/1963,10
415,Tori,Priestley,tpriestleybi@globo.com,Male,27/04/1999,3
416,Granthem,Lequeux,glequeuxbj@123-reg.co.uk,Male,06/04/1998,9
417,Humfried,Millberg,hmillbergbk@cisco.com,Female,20/02/2009,3
418,Herrick,Simper,hsimperbl@youtu.be,Male,02/10/2007,8
419,Beitris,Doley,bdoleybm@cmu.edu,Male,14/03/1976,11
420,Rayner,Gyrgorwicx,rgyrgorwicxbn@wp.com,Male,23/01/1980,11
421,Norry,Mosey,nmoseybo@github.io,Female,21/05/1999,2
422,Chery,Thiem,cthiembp@wsj.com,Female,12/01/1970,7
423,Bevon,Semkins,bsemkinsbq@ustream.tv,Male,29/09/1968,7
424,Phillip,Cage,pcagebr@netlog.com,Male,02/07/2004,11
425,Carolina,Sandifer,csandiferbs@deviantart.com,Male,06/08/1998,11
426,Scarlet,Boyford,sboyfordbt@vimeo.com,Female,22/05/1970,9
427,Cash,Deering,cdeeringbu@illinois.edu,Female,09/10/1961,4
428,Englebert,Wadelin,ewadelinbv@ed.gov,Male,08/05/1974,11
429,Chrystal,Backshill,cbackshillbw@nps.gov,Male,15/07/1992,4
430,Parke,Ronaldson,pronaldsonbx@indiatimes.com,Male,23/01/1978,9
431,Alwin,Waddup,awaddupby@cyberchimps.com,Female,24/10/1999,10
432,Raymond,Giffkins,rgiffkinsbz@trellian.com,Male,08/02/1971,6
433,Abran,Stollberg,astollbergc0@cmu.edu,Female,18/04/1976,6
434,Stearn,Meedendorpe,smeedendorpec1@simplemachines.org,Female,07/08/1950,2
435,Valerie,Greave,vgreavec2@tmall.com,Female,01/01/1999,11
436,Rafaelia,Kelleway,rkellewayc3@dedecms.com,Female,12/01/2008,2
437,Leora,Ferrige,lferrigec4@foxnews.com,Female,19/01/1995,7
438,Jeffy,Leal,jlealc5@hatena.ne.jp,Male,24/10/1985,2
439,Aleen,Bulteel,abulteelc6@clickbank.net,Male,09/11/1988,10
440,Manuel,Fawdry,mfawdryc7@w3.org,Male,19/01/2009,6
441,Daria,Vondruska,dvondruskac8@sohu.com,Male,13/07/1969,3
442,Zonda,Underwood,zunderwoodc9@cocolog-nifty.com,Female,20/02/1951,8
443,Martainn,Tointon,mtointonca@ustream.tv,Male,16/02/2008,1
444,Sapphire,Antonoyev,santonoyevcb@alibaba.com,Female,05/01/1989,2
445,Erv,Frowen,efrowencc@ftc.gov,Male,11/10/1975,2
446,Robbyn,Tuckwood,rtuckwoodcd@t.co,Female,12/10/1975,5
447,Briant,Papaccio,bpapaccioce@goodreads.com,Female,15/02/1996,10
448,Audra,Oleshunin,aoleshunincf@telegraph.co.uk,Male,30/08/1971,3
449,Estele,Lattie,elattiecg@miibeian.gov.cn,Female,12/09/1994,10
450,Talia,Ventam,tventamch@sakura.ne.jp,Female,04/08/2005,3
451,Gary,Neilly,gneillyci@ask.com,Female,30/08/1992,4
452,Tamarra,Wallen,twallencj@craigslist.org,Female,24/05/1993,1
453,Ciel,Willarton,cwillartonck@dagondesign.com,Female,08/04/1995,9
454,Sheelagh,Pailin,spailincl@sun.com,Female,29/12/1979,11
455,Haleigh,Rowswell,hrowswellcm@cyberchimps.com,Male,11/11/1995,9
456,Egon,Benthall,ebenthallcn@jigsy.com,Female,21/03/1996,11
457,Brandise,Matityahu,bmatityahuco@samsung.com,Male,17/03/1966,8
458,Doti,Rehor,drehorcp@clickbank.net,Female,17/04/1979,7
459,Ozzie,Shiels,oshielscq@senate.gov,Male,19/10/2000,4
460,Tobye,Mochan,tmochancr@yahoo.com,Male,18/01/1982,2
461,Melvin,Denisard,mdenisardcs@cafepress.com,Female,27/10/2009,2
462,Nealon,Naris,nnarisct@buzzfeed.com,Male,25/04/1953,5
463,Carson,Ivermee,civermeecu@wix.com,Female,17/08/1959,4
464,Luce,Langdridge,llangdridgecv@ustream.tv,Female,30/11/2003,7
465,Myra,Izchaki,mizchakicw@netscape.com,Female,06/02/2006,1
466,Theda,Fulton,tfultoncx@jimdo.com,Female,01/07/1997,2
467,Georgena,Preston,gprestoncy@foxnews.com,Male,05/10/1966,1
468,Basilio,Huitson,bhuitsoncz@vk.com,Male,27/08/1988,5
469,Cosme,Skeath,cskeathd0@ucoz.ru,Female,01/11/1958,5
470,Eadmund,McOnie,emconied1@plala.or.jp,Male,16/10/1965,4
471,Hewe,Inston,hinstond2@so-net.ne.jp,Female,25/03/2009,10
472,Nerte,Loseby,nlosebyd3@w3.org,Male,12/09/1992,11
473,Chance,Leavold,cleavoldd4@bbc.co.uk,Male,07/01/1973,7
474,Dewey,Leupoldt,dleupoldtd5@latimes.com,Female,26/11/1976,11
475,Shalne,Josovich,sjosovichd6@ftc.gov,Male,06/07/2008,2
476,Desdemona,Seeney,dseeneyd7@php.net,Male,06/05/1994,2
477,Gustavus,Leighfield,gleighfieldd8@sourceforge.net,Male,04/08/1975,11
478,Ronald,Cradey,rcradeyd9@a8.net,Male,27/02/1979,1
479,Pietra,Riggeard,priggeardda@mashable.com,Male,29/05/1977,7
480,Evangelin,Gurko,egurkodb@umich.edu,Male,26/01/1960,1
481,Obie,McNickle,omcnickledc@wufoo.com,Female,15/02/1989,8
482,Ruprecht,Ruter,rruterdd@fc2.com,Female,27/09/1985,11
483,Cyb,Harefoot,charefootde@google.com,Male,15/02/1969,2
484,Clint,McNeachtain,cmcneachtaindf@webmd.com,Female,29/03/1969,8
485,Caroljean,Haizelden,chaizeldendg@cpanel.net,Female,07/01/1983,5
486,Viviene,Arnli,varnlidh@samsung.com,Female,04/08/1997,1
487,Eleanor,Effnert,eeffnertdi@devhub.com,Female,13/05/1978,7
488,Adelaida,McCluney,amccluneydj@army.mil,Male,23/10/1954,7
489,Minne,Klos,mklosdk@seattletimes.com,Male,20/05/1960,6
490,Alexander,Nottle,anottledl@zimbio.com,Female,03/01/1991,11
491,Katerina,Lowth,klowthdm@salon.com,Male,21/09/1952,1
492,Shelli,Merriday,smerridaydn@mapy.cz,Male,01/03/1989,2
493,Abbey,Yakovl,ayakovldo@va.gov,Female,24/12/1975,4
494,Harlene,Bagniuk,hbagniukdp@gnu.org,Female,22/02/1999,6
495,Kari,Betje,kbetjedq@cloudflare.com,Male,15/07/1959,2
496,Silvano,Blything,sblythingdr@so-net.ne.jp,Male,27/02/1959,7
497,Reinhold,Brunskill,rbrunskillds@buzzfeed.com,Male,15/05/2002,10
498,Bryce,Galero,bgalerodt@hostgator.com,Female,26/08/1963,5
499,Abdel,Ellinor,aellinordu@webs.com,Male,22/01/1966,3
500,Rogerio,Di Giacomo,rdigiacomodv@japanpost.jp,Male,19/07/1995,3
501,Ermentrude,Cranefield,ecranefielddw@php.net,Female,10/08/1983,3
502,Iona,Oxshott,ioxshottdx@imgur.com,Female,07/11/1984,2
503,Amelina,Mulran,amulrandy@princeton.edu,Male,01/05/1994,8
504,Harlen,Paddy,hpaddydz@weather.com,Male,23/10/1963,9
505,Blayne,Balkwill,bbalkwille0@tripod.com,Male,08/07/1964,1
506,Holly,Zorzoni,hzorzonie1@qq.com,Female,23/11/1978,4
507,Borden,Cavil,bcavile2@google.fr,Female,05/04/1981,1
508,Valentina,Loveguard,vloveguarde3@berkeley.edu,Male,16/09/1998,6
509,Fredia,Mogg,fmogge4@narod.ru,Female,24/01/1974,2
510,Olva,Shearston,oshearstone5@mediafire.com,Male,22/11/1977,1
511,Frederick,Maton,fmatone6@icio.us,Male,26/09/1970,3
512,Valery,Silcox,vsilcoxe7@altervista.org,Female,22/06/1965,2
513,Florina,Needs,fneedse8@phoca.cz,Male,10/03/1951,7
514,Irwin,Clapton,iclaptone9@sakura.ne.jp,Female,12/01/1969,8
515,Pearline,Gwilt,pgwiltea@telegraph.co.uk,Male,28/03/1987,6
516,Jillie,Jolly,jjollyeb@usnews.com,Female,19/10/1969,7
517,Jerad,Grattage,jgrattageec@oakley.com,Female,03/04/1979,10
518,Cassius,Terrans,cterransed@qq.com,Female,02/10/1975,2
519,Aloysia,Lightbourne,alightbourneee@cnn.com,Male,26/09/2009,6
520,Elfreda,O'Donohue,eodonohueef@google.ca,Female,16/03/2000,6
521,Alta,Huish,ahuisheg@google.com.hk,Male,28/01/1960,6
522,Fionnula,Fairbrace,ffairbraceeh@odnoklassniki.ru,Male,10/05/1954,10
523,Randi,McBryde,rmcbrydeei@europa.eu,Male,24/02/1992,10
524,Rufe,Barthelet,rbartheletej@google.it,Male,29/08/1956,5
525,Honor,Tembridge,htembridgeek@statcounter.com,Female,21/08/1981,2
526,Jim,Waskett,jwaskettel@hostgator.com,Male,03/07/1994,7
527,Ollie,Creamer,ocreamerem@skyrock.com,Female,25/12/1992,11
528,Lilian,Volante,lvolanteen@illinois.edu,Female,02/12/1970,2
529,Lynnell,Alf,lalfeo@amazon.co.jp,Female,20/04/2001,1
530,Stefania,Crewes,screwesep@de.vu,Female,09/12/1983,1
531,Rinaldo,Wollen,rwolleneq@nifty.com,Male,04/12/1963,7
532,Daven,Hobson,dhobsoner@histats.com,Male,21/03/1987,2
533,Brande,Deeming,bdeeminges@twitter.com,Female,11/10/1981,4
534,Carlyle,Roxburch,croxburchet@gmpg.org,Female,28/04/1994,8
535,Abagail,McArt,amcarteu@princeton.edu,Female,22/05/1969,8
536,Marcelo,Gore,mgoreev@booking.com,Female,22/01/1992,1
537,Flossi,Reisin,freisinew@narod.ru,Male,26/06/1950,9
538,Franzen,Ghiron,fghironex@berkeley.edu,Male,03/07/1953,11
539,Ky,McAulay,kmcaulayey@tripod.com,Male,20/06/1966,5
540,Gary,Duffitt,gduffittez@ucoz.com,Male,19/09/2003,5
541,Orelie,Drought,odroughtf0@mediafire.com,Male,18/03/2009,6
542,Jacquetta,Blayd,jblaydf1@ibm.com,Male,23/07/1952,9
543,Hermina,Lardner,hlardnerf2@webeden.co.uk,Female,02/05/2008,6
544,Sylvia,Coles,scolesf3@simplemachines.org,Female,02/01/1978,3
545,Gertrude,Ruhben,gruhbenf4@chronoengine.com,Male,14/11/1957,10
546,Minda,Krout,mkroutf5@squidoo.com,Female,10/04/1954,4
547,Leoline,Caulcutt,lcaulcuttf6@craigslist.org,Female,18/05/1984,7
548,Glennie,Lambersen,glambersenf7@google.ca,Female,14/05/1956,11
549,Brier,Zanetto,bzanettof8@toplist.cz,Male,25/06/1951,2
550,Willetta,Caser,wcaserf9@jigsy.com,Female,03/01/2001,4
551,Corbie,Housley,chousleyfa@sun.com,Female,18/11/1953,3
552,Flory,Bannester,fbannesterfb@cisco.com,Male,12/12/1980,10
553,Clementius,Mcettrick,cmcettrickfc@blogs.com,Female,19/01/2009,1
554,Friederike,Hendren,fhendrenfd@flavors.me,Male,12/04/1979,2
